Date,Price,Open,High,Low,Vol.,Change %
6-Jul-20,372.5,365.5,373.5,365.25,34.41K,2.34%
3-Jul-20,364,364.25,366,360,19.89K,0.28%
2-Jul-20,363,355.5,367.25,355.5,31.44K,1.54%
1-Jul-20,357.5,354,363,350.5,45.24K,1.49%
30-Jun-20,352.25,348.25,356.5,345.75,51.08K,1.22%
29-Jun-20,348,338.75,351.25,336.25,26.34K,2.65%
26-Jun-20,339,347,351.75,337,38.52K,-1.60%
25-Jun-20,344.5,344.25,349.75,336,56.15K,-0.36%
24-Jun-20,345.75,358.5,361.5,340,51.92K,-5.98%
23-Jun-20,367.75,364.75,370.5,357.5,51.12K,0.89%
22-Jun-20,364.5,358.5,364.75,356.75,57.10K,0.00%
19-Jun-20,364.5,356,365.75,349.75,80.03K,3.04%
18-Jun-20,353.75,349,356,347,66.63K,1.22%
17-Jun-20,349.5,346.75,354.5,343.5,84.42K,1.01%
16-Jun-20,346,338,354.25,333.25,82.32K,4.69%
15-Jun-20,330.5,328.75,339,319.75,75.27K,0.61%
12-Jun-20,328.5,319.5,334,312.25,73.24K,-2.23%
11-Jun-20,336,335.5,337,330.5,3.49K,0.00%
10-Jun-20,336,331.25,343.25,328.5,29.01K,2.13%
9-Jun-20,329,328.25,335.5,320.5,38.45K,-0.30%
8-Jun-20,330,336,345.75,324.75,31.76K,-0.15%
5-Jun-20,330.5,310.25,335.75,310.25,42.96K,9.26%
4-Jun-20,302.5,309,312.75,301.75,39.67K,-1.55%
3-Jun-20,307.25,315.5,321.75,303.5,43.98K,-2.15%
2-Jun-20,314,298,317.25,297.5,45.33K,6.89%
1-Jun-20,293.75,297.75,303.5,291.75,37.83K,3.52%
29-May-20,283.75,282,301.75,274.75,51.67K,0.98%
28-May-20,281,284.5,290.25,278.75,58.88K,-2.01%
27-May-20,286.75,298.5,300.75,285,43.66K,-3.45%
26-May-20,297,300.75,310.25,293.75,50.08K,-0.92%
25-May-20,299.75,289.5,301.75,289.5,9.58K,4.17%
22-May-20,287.75,295.75,297.75,280,55.05K,-2.95%
21-May-20,296.5,297.25,307.5,294.5,50.61K,-1.00%
20-May-20,299.5,288,307,288,72.24K,3.19%
19-May-20,290.25,306.25,306.25,285.75,83.87K,-4.13%
18-May-20,302.75,272.5,305.75,272.5,90.16K,12.23%
15-May-20,269.75,266.75,277.5,262.25,87.12K,5.68%
14-May-20,255.25,245.25,267.5,243,98.22K,4.08%
13-May-20,245.25,241.5,253.5,237.5,102.87K,2.19%
12-May-20,240,238,244.25,238,4.59K,0.00%
11-May-20,240,249,254,237.25,25.31K,-0.93%
8-May-20,242.25,234,252.75,232.5,11.10K,1.89%
7-May-20,237.75,233.75,248.75,227.5,34.34K,4.28%
6-May-20,228,259,259,224.75,34.54K,-5.69%
5-May-20,241.75,230,255,228,38.98K,14.71%
4-May-20,210.75,217.5,229.75,210,32.67K,-4.20%
1-May-20,220,240,240,216,29.22K,-7.07%
30-Apr-20,236.75,213.25,241.75,213,48.69K,13.55%
29-Apr-20,208.5,192.75,219.25,190.75,42.89K,8.88%
28-Apr-20,191.5,192.25,198.75,181,34.08K,0.39%
27-Apr-20,190.75,202.75,206.25,187.5,36.15K,-6.95%
24-Apr-20,205,214,222.25,199.5,58.14K,-9.99%
23-Apr-20,227.75,212,237.25,211.75,45.87K,7.43%
22-Apr-20,212,220,231.5,188.25,73.15K,-1.85%
21-Apr-20,216,262.75,264.75,204.5,104.27K,-17.48%
20-Apr-20,261.75,275.75,278.75,256.25,76.84K,-4.99%
17-Apr-20,275.5,276.5,283,271,94.22K,1.66%
16-Apr-20,271,269.25,280.25,261.25,101.39K,3.93%
15-Apr-20,260.75,280.5,281.5,260,95.56K,-6.71%
14-Apr-20,279.5,300,300.75,275.5,99.83K,-6.37%
13-Apr-20,298.5,304,305.25,280.5,71.89K,-1.32%
9-Apr-20,302.5,303.25,321.5,290,105.73K,1.51%
8-Apr-20,298,300,301.5,291.5,3.59K,0.00%
7-Apr-20,298,306.75,312.5,294,25.28K,1.45%
6-Apr-20,293.75,305,313,291.5,39.97K,-1.09%
3-Apr-20,297,289.5,319.5,279,39.17K,7.61%
2-Apr-20,276,271.75,383,269,77.69K,1.56%
1-Apr-20,271.75,287,289.25,266.25,61.00K,-7.17%
31-Mar-20,292.75,295.75,303.75,285,44.51K,2.63%
30-Mar-20,285.25,301,305.75,282.5,57.47K,-5.00%
27-Mar-20,300.25,303.5,310.25,296.5,48.21K,-1.15%
26-Mar-20,303.75,310.5,311.75,298,39.82K,-0.74%
25-Mar-20,306,312.5,314.75,298.25,40.63K,0.91%
24-Mar-20,303.25,300.75,312.5,297.75,41.70K,6.03%
23-Mar-20,286,291.75,300.5,280,58.30K,-4.98%
20-Mar-20,301,300,323.75,292.75,82.35K,4.60%
19-Mar-20,287.75,289,310.75,273.75,71.90K,6.08%
18-Mar-20,271.25,294.25,302,263,86.85K,-9.58%
17-Mar-20,300,303.25,314.25,294.25,89.08K,-2.04%
16-Mar-20,306.25,351.25,351.25,299.25,103.93K,-8.99%
13-Mar-20,336.5,337.75,357.75,334,122.58K,-10.51%
12-Mar-20,376,360,360,340.5,5.25K,0.00%
11-Mar-20,376,374,389,367.5,34.13K,1.90%
10-Mar-20,369,361.5,381.75,356.75,49.32K,2.71%
9-Mar-20,359.25,396,396,315.75,70.34K,-13.07%
6-Mar-20,413.25,448.75,449.75,412.5,74.44K,-9.38%
5-Mar-20,456,463,466.25,444.5,74.81K,-1.35%
4-Mar-20,462.25,464,471.5,457.75,52.44K,0.43%
3-Mar-20,460.25,470.25,475,455.75,82.75K,1.27%
2-Mar-20,454.5,437,469,437,61.52K,3.06%
28-Feb-20,441,446,450.5,435.5,75.06K,-0.95%
27-Feb-20,445.25,455,455.25,437.25,113.67K,-5.01%
26-Feb-20,468.75,479.5,484.75,450.5,103.08K,-3.50%
25-Feb-20,485.75,493.5,496.5,476.5,71.23K,0.05%
24-Feb-20,485.5,505,507.5,481.5,73.88K,-4.52%
21-Feb-20,508.5,512.75,514.75,503.5,85.65K,-2.02%
20-Feb-20,519,518.75,523.75,513.25,86.92K,0.39%
19-Feb-20,517,507.25,519.5,504.75,98.34K,2.58%
18-Feb-20,504,512.25,512.25,501.5,102.28K,-1.22%
17-Feb-20,510.25,517.5,517.75,509.75,74.66K,-0.83%
14-Feb-20,514.5,511.75,518.5,509.5,80.11K,0.39%
13-Feb-20,512.5,508.25,517,505.75,123.96K,3.69%
12-Feb-20,494.25,499,506,499,3.64K,0.00%
11-Feb-20,494.25,491.75,500,491.75,36.87K,0.36%
10-Feb-20,492.5,500,503.5,489.5,55.61K,-2.52%
7-Feb-20,505.25,509.5,510.75,500.5,42.10K,-0.49%
6-Feb-20,507.75,503.25,513.75,501.5,44.09K,0.30%
5-Feb-20,506.25,488.25,513.25,486.25,46.21K,2.95%
4-Feb-20,491.75,482.5,495.5,482,46.71K,1.71%
3-Feb-20,483.5,495.25,498.75,480,48.65K,-3.49%
31-Jan-20,501,511,513.5,495.5,43.13K,-1.57%
30-Jan-20,509,519,519.5,497.5,65.34K,-2.72%
29-Jan-20,523.25,527.5,531.75,517.75,67.30K,-0.33%
28-Jan-20,525,509.5,529.75,505.5,91.65K,2.64%
27-Jan-20,511.5,532,532.5,506,76.14K,-4.57%
24-Jan-20,536,551.75,552.25,532.75,62.45K,-1.74%
23-Jan-20,545.5,552.75,552.75,538.5,105.69K,-1.22%
22-Jan-20,552.25,565,566,549.75,113.11K,-2.94%
21-Jan-20,569,576.25,577.5,565,94.90K,-1.34%
20-Jan-20,576.75,575.25,580,574.25,49.40K,1.41%
17-Jan-20,568.75,572,575.75,566.25,109.17K,-1.26%
16-Jan-20,576,576,578.75,571,115.70K,0.04%
15-Jan-20,575.75,578.25,583.25,572.5,88.17K,-0.65%
14-Jan-20,579.5,577.5,584.25,572.75,108.84K,0.43%
13-Jan-20,577,589,593.5,576,98.94K,-2.74%
10-Jan-20,593.25,592.5,595.25,592.5,6.95K,0.00%
9-Jan-20,593.25,599.75,601.25,588.5,37.54K,-2.14%
8-Jan-20,606.25,622,637.25,592.5,55.61K,-1.70%
7-Jan-20,616.75,616.75,621.5,611.75,51.66K,-0.52%
6-Jan-20,620,634.75,643,615.25,69.49K,-0.88%
3-Jan-20,625.5,617.5,642,616.25,60.66K,1.62%
2-Jan-20,615.5,618,619.75,613.5,40.51K,-0.95%
1-Jan-20,621.38,621.38,621.38,621.38,-,1.20%
31-Dec-19,614,620.5,623,612.5,30.18K,-1.44%
30-Dec-19,623,625,631.75,617.25,44.42K,-0.48%
27-Dec-19,626,623.75,627.75,622.25,37.81K,0.48%
26-Dec-19,623,618.25,624,617.75,15.94K,1.26%
24-Dec-19,615.25,613.25,619.25,611.5,26.32K,0.45%
23-Dec-19,612.5,611.5,615.25,609,34.75K,-0.16%
20-Dec-19,613.5,615,618,610,54.36K,-0.16%
19-Dec-19,614.5,611.25,616,608.75,63.21K,0.78%
18-Dec-19,609.75,613.25,614.5,608,72.03K,-0.61%
17-Dec-19,613.5,606.75,615,605.5,77.76K,1.11%
16-Dec-19,606.75,599,608,598,92.27K,1.93%
13-Dec-19,595.25,591.75,604,591.25,82.96K,2.81%
12-Dec-19,579,581.75,588.75,581.25,5.70K,0.00%
11-Dec-19,579,588.25,589,577.25,39.38K,-1.91%
10-Dec-19,590.25,585.25,593.5,581.75,37.66K,0.68%
9-Dec-19,586.25,589.25,590,582,62.46K,-0.17%
6-Dec-19,587.25,585,596,580,40.11K,0.64%
5-Dec-19,583.5,583,587.25,576.75,46.45K,0.78%
4-Dec-19,579,570.25,586.25,570,47.87K,1.58%
3-Dec-19,570,571,575,565.5,57.21K,-0.87%
2-Dec-19,575,568.5,582,568.5,48.71K,0.52%
29-Nov-19,572,591,591.25,566.75,50.53K,-2.43%
28-Nov-19,586.25,586.25,592.25,585,33.24K,-0.21%
27-Nov-19,587.5,590.25,596,586.25,44.75K,-0.34%
26-Nov-19,589.5,586.5,593.5,585.25,61.55K,1.16%
25-Nov-19,582.75,584.25,587,580,40.29K,0.17%
22-Nov-19,581.75,585,591,579,56.26K,0.47%
21-Nov-19,579,570,587.5,567.5,73.19K,0.92%
20-Nov-19,573.75,560.5,576.5,557,93.68K,1.10%
19-Nov-19,567.5,571.25,574.75,558.75,104.72K,-0.74%
18-Nov-19,571.75,590,590.5,570.5,80.73K,-2.64%
15-Nov-19,587.25,580.25,592,574.5,74.78K,1.12%
14-Nov-19,580.75,578.5,586.5,578,86.64K,0.96%
13-Nov-19,575.25,570.5,580.25,563,130.08K,-1.41%
12-Nov-19,583.5,582.25,584.25,578,6.74K,0.00%
11-Nov-19,583.5,582.5,587.75,574.5,47.52K,1.21%
8-Nov-19,576.5,580,584,566.5,51.13K,-1.16%
7-Nov-19,583.25,584.5,589.75,579,42.11K,-0.60%
6-Nov-19,586.75,590.25,596.5,581.75,44.80K,-0.47%
5-Nov-19,589.5,589.75,592.75,588,42.64K,-0.76%
4-Nov-19,594,586,596.5,583.5,38.21K,2.77%
1-Nov-19,578,568.25,586,567.5,39.43K,1.94%
31-Oct-19,567,576.25,582.25,563.75,61.60K,-2.58%
30-Oct-19,582,590.5,592.5,574.5,46.47K,-1.56%
29-Oct-19,591.25,593.75,594,582.5,63.12K,-0.08%
28-Oct-19,591.75,598.5,600.75,590.5,60.06K,-1.00%
25-Oct-19,597.75,600.25,601.5,589.5,81.70K,-0.21%
24-Oct-19,599,593,602.5,590.75,73.31K,1.40%
23-Oct-19,590.75,587.5,595,581,93.12K,-0.38%
22-Oct-19,593,586.75,595.25,584,70.32K,1.89%
21-Oct-19,582,588.75,589.75,578.25,61.57K,-1.23%
18-Oct-19,589.25,590.5,593.75,585.25,46.05K,0.90%
17-Oct-19,584,586,592.25,581.5,64.55K,-0.64%
16-Oct-19,587.75,582,592.25,580.25,75.39K,0.73%
15-Oct-19,583.5,580.25,587.75,572.75,99.13K,0.73%
14-Oct-19,579.25,595,595,577.25,107.69K,-2.77%
11-Oct-19,595.75,587.25,597.5,584.25,106.15K,0.76%
10-Oct-19,591.25,585,588.25,581.75,6.46K,0.00%
9-Oct-19,591.25,579.25,595.75,578.5,47.91K,2.16%
8-Oct-19,578.75,583.75,587.25,573.5,61.93K,-1.70%
7-Oct-19,588.75,578.5,592,577,57.98K,1.55%
4-Oct-19,579.75,573,583.25,572,49.19K,2.38%
3-Oct-19,566.25,571,574,557.5,52.65K,-0.74%
2-Oct-19,570.5,586.75,588,569.5,51.80K,-2.85%
1-Oct-19,587.25,586.25,592,580.5,49.53K,-0.51%
30-Sep-19,590.25,600.75,600.75,583.75,52.66K,-1.99%
27-Sep-19,602.25,597.5,604.5,588.25,54.74K,1.52%
26-Sep-19,593.25,599.25,602,590.5,51.71K,-0.54%
25-Sep-19,596.5,597,599.5,588.75,61.26K,-1.57%
24-Sep-19,606,612,612.75,596.5,59.37K,-0.98%
23-Sep-19,612,621,621,606.5,70.47K,-0.85%
20-Sep-19,617.25,619.25,621,611.25,57.62K,0.24%
19-Sep-19,615.75,607.25,624,606.5,94.60K,0.78%
18-Sep-19,611,611.5,617.25,602.5,100.34K,-1.45%
17-Sep-19,620,641.75,650,606.75,186.20K,-2.71%
16-Sep-19,637.25,615,673.5,613.5,220.72K,10.44%
13-Sep-19,577,579.5,580,570.75,73.89K,-2.12%
12-Sep-19,589.5,584.5,585,575.25,2.97K,0.00%
11-Sep-19,589.5,596.25,598.75,577.75,28.89K,-1.87%
10-Sep-19,600.75,594,602.25,590.25,38.69K,1.44%
9-Sep-19,592.25,580.75,593.75,580.75,35.16K,2.91%
6-Sep-19,575.5,576.25,583.75,563.75,39.18K,-1.83%
5-Sep-19,586.25,577,588,574.5,45.81K,2.13%
4-Sep-19,574,554.75,577.75,554.75,38.83K,4.17%
3-Sep-19,551,558,559.5,547,54.77K,-0.81%
2-Sep-19,555.5,563.75,565.75,554.25,31.10K,-0.98%
30-Aug-19,561,572.75,575,558,52.06K,-1.88%
29-Aug-19,571.75,569.25,574.25,566,52.24K,0.40%
28-Aug-19,569.5,562.25,572,560.75,40.82K,2.89%
27-Aug-19,553.5,552.75,563.75,552.5,59.37K,-0.81%
26-Aug-19,558,553,564.75,551.25,31.39K,0.36%
23-Aug-19,556,565,566.25,552,62.16K,-1.59%
22-Aug-19,565,571,573,562.25,38.44K,-1.22%
21-Aug-19,572,568.5,576.5,566.5,86.73K,1.51%
20-Aug-19,563.5,562.5,570,560.25,52.33K,0.45%
19-Aug-19,561,557.75,566.75,557.25,55.89K,0.27%
16-Aug-19,559.5,559.25,565.5,555.5,49.30K,-0.09%
15-Aug-19,560,567,569,556,67.90K,-0.18%
14-Aug-19,561,579.75,579.75,558.5,75.32K,-2.60%
13-Aug-19,576,557.25,582,553.25,85.20K,3.69%
12-Aug-19,555.5,553.5,556,551.5,6.24K,0.00%
9-Aug-19,555.5,545.75,558.5,542.25,40.19K,2.35%
8-Aug-19,542.75,543.75,547.5,537,42.85K,1.69%
7-Aug-19,533.75,554.75,557.75,532,49.60K,-4.56%
6-Aug-19,559.25,562,566.75,554.25,47.71K,-0.97%
5-Aug-19,564.75,575.5,576.25,558.75,41.39K,-2.29%
2-Aug-19,578,571,584.75,570.25,44.27K,-1.41%
1-Aug-19,586.25,595.75,599.25,562.25,44.17K,-2.58%
31-Jul-19,601.75,600,604.75,597,34.49K,1.60%
30-Jul-19,592.25,587.75,601.5,587.75,40.55K,0.94%
29-Jul-19,586.75,583.25,589.75,582.5,38.04K,0.47%
26-Jul-19,584,585.25,590,583.5,25.10K,-0.72%
25-Jul-19,588.25,584.5,591.25,584,31.67K,-0.72%
24-Jul-19,592.5,592,597,580.25,47.48K,1.28%
23-Jul-19,585,582.75,592,578.75,48.34K,0.04%
22-Jul-19,584.75,582,592,580.75,52.55K,1.52%
19-Jul-19,576,577,585,573.75,61.44K,1.23%
18-Jul-19,569,579,585.75,567,88.49K,-2.40%
17-Jul-19,583,581.25,590.5,576.75,74.93K,-2.83%
16-Jul-19,600,595.5,603.5,578,78.73K,-0.08%
15-Jul-19,600.5,604.25,607.75,595,48.44K,-0.74%
12-Jul-19,605,606.75,608.5,603,57.94K,1.77%
11-Jul-19,594.5,605,612.25,605,7.43K,0.00%
10-Jul-19,594.5,582.25,604.5,581.75,31.13K,3.17%
9-Jul-19,576.25,573.75,582.5,573.25,47.90K,-0.52%
8-Jul-19,579.25,579.25,583,573.5,42.00K,0.43%
5-Jul-19,576.75,573.25,580,569,28.69K,0.35%
4-Jul-19,574.75,577.5,579.25,571.5,21.68K,0.17%
3-Jul-19,573.75,575,579.25,567.75,34.22K,-0.65%
2-Jul-19,577.5,591,595,571,46.05K,-2.20%
1-Jul-19,590.5,591.25,605,586.75,52.63K,-0.76%
28-Jun-19,595,595.25,599.5,584.25,41.68K,0.17%
27-Jun-19,594,598,600,593,49.13K,-0.88%
26-Jun-19,599.25,594.5,603.25,593,48.03K,1.74%
25-Jun-19,589,584.25,594.75,579.5,34.93K,1.60%
24-Jun-19,579.75,589.25,592.25,578,41.43K,-1.24%
21-Jun-19,587,582.75,593.25,576.75,63.98K,1.29%
20-Jun-19,579.5,564.25,584.25,564,64.85K,3.44%
19-Jun-19,560.25,562.5,565.75,557,57.64K,-0.40%
18-Jun-19,562.5,553.5,565.5,547,66.60K,0.81%
17-Jun-19,558,561.25,565.25,552.25,56.29K,-1.06%
14-Jun-19,564,557,566,554,61.40K,1.08%
13-Jun-19,558,546,566,545.25,94.49K,-0.22%
12-Jun-19,559.25,553.5,554.75,549.75,3.56K,0.00%
11-Jun-19,559.25,556.5,562,553,34.40K,0.00%
10-Jun-19,559.25,560.5,566,553.25,33.77K,0.22%
7-Jun-19,558,553.5,563.5,550.5,25.87K,2.95%
6-Jun-19,542,545.25,555.75,538.5,44.00K,-0.05%
5-Jun-19,542.25,556.75,560.75,535.5,46.40K,-3.26%
4-Jun-19,560.5,550,563.25,548.5,43.79K,-0.22%
3-Jun-19,561.75,564.5,572.25,554,50.23K,-2.73%
31-May-19,577.5,590.5,590.75,564,43.44K,-3.43%
30-May-19,598,608.5,611,590.5,35.08K,-1.28%
29-May-19,605.75,616.5,617,601.25,63.88K,-2.10%
28-May-19,618.75,622.75,626.25,614.75,43.90K,-0.40%
27-May-19,621.25,614.5,623.25,609.25,16.73K,2.73%
24-May-19,604.75,607.5,615.75,601.5,72.28K,-0.45%
23-May-19,607.5,634.5,634.5,603,109.69K,-3.95%
22-May-19,632.5,643,643,628.25,122.71K,-1.94%
21-May-19,645,646.5,648.25,640.25,117.86K,-1.00%
20-May-19,651.5,654.5,660,642.25,87.34K,-0.84%
17-May-19,657,665.25,665.25,649.75,99.02K,-1.24%
16-May-19,665.25,650.5,666.75,649.75,147.42K,2.27%
15-May-19,650.5,635,650.75,634,106.50K,2.24%
14-May-19,636.25,629.75,641.25,627.25,122.05K,-0.47%
13-May-19,639.25,636.5,652,628,104.35K,1.11%
10-May-19,632.25,638,642,636.5,4.15K,0.00%
9-May-19,632.25,636,637.25,627,20.19K,-1.10%
8-May-19,639.25,632,641,629.5,29.78K,0.79%
7-May-19,634.25,642.75,643.25,627.5,29.08K,-0.90%
6-May-19,640,640.25,647,630.75,17.30K,-1.39%
3-May-19,649,640,650,635.5,37.61K,1.80%
2-May-19,637.5,643.75,647,634.25,70.94K,-0.23%
1-May-19,639,635.25,645.5,632.75,54.53K,0.16%
30-Apr-19,638,629,642.75,627,78.78K,1.19%
29-Apr-19,630.5,625.75,633.5,620.75,61.32K,1.16%
26-Apr-19,623.25,641.25,642,619.5,57.75K,-3.56%
25-Apr-19,646.25,642.25,650,639,54.36K,0.31%
24-Apr-19,644.25,645.75,648,641.75,42.26K,-0.62%
23-Apr-19,648.25,646.25,651,645.5,51.04K,-0.08%
22-Apr-19,648.75,633.5,651,632.5,40.13K,2.08%
18-Apr-19,635.5,636,638,632.25,58.91K,-0.24%
17-Apr-19,637,637.25,641.75,634.75,66.83K,0.55%
16-Apr-19,633.5,630.5,638.75,627.75,74.77K,0.60%
15-Apr-19,629.75,632.25,632.75,626.5,76.67K,-0.51%
12-Apr-19,633,631.5,637,630.75,72.88K,0.96%
11-Apr-19,627,632.75,632.75,629.75,7.67K,0.00%
10-Apr-19,627,624.5,634.25,622.25,28.65K,0.76%
9-Apr-19,622.25,627.5,629.25,620.5,43.08K,-0.56%
8-Apr-19,625.75,625,629.25,624,45.13K,1.25%
5-Apr-19,618,614,624.5,611.5,28.32K,0.37%
4-Apr-19,615.75,613,619.5,608.25,39.39K,0.78%
3-Apr-19,611,614.5,618.75,608.25,35.98K,-0.45%
2-Apr-19,613.75,609.5,616,608.75,41.17K,1.15%
1-Apr-19,606.75,605,613.25,604.75,45.37K,0.25%
29-Mar-19,605.25,604.25,612.5,602.75,46.66K,0.88%
28-Mar-19,600,606,606,594.75,50.39K,-1.36%
27-Mar-19,608.25,609.75,612.75,604,36.48K,-0.08%
26-Mar-19,608.75,608.25,613.25,607.5,41.13K,0.33%
25-Mar-19,606.75,602.5,610.5,597.75,47.52K,1.59%
22-Mar-19,597.25,609,611,595.25,63.09K,-2.13%
21-Mar-19,610.25,617.75,620.25,608.25,60.36K,-1.33%
20-Mar-19,618.5,610.5,619.5,607.75,68.38K,1.52%
19-Mar-19,609.25,606.5,616,606,66.62K,0.70%
18-Mar-19,605,605,610,601.25,99.68K,-0.29%
15-Mar-19,606.75,610.25,615.5,602,74.39K,-0.65%
14-Mar-19,610.75,611.25,616,608.5,70.20K,0.25%
13-Mar-19,609.25,610.5,613.25,607,91.65K,-0.45%
12-Mar-19,612,612.5,617.75,610.75,2.58K,0.00%
11-Mar-19,612,618.25,622.75,607,37.98K,0.29%
8-Mar-19,610.25,620.75,621.25,603.5,46.88K,-1.93%
7-Mar-19,622.25,622.5,629,618.5,38.24K,0.36%
6-Mar-19,620,618,625,617,39.13K,0.12%
5-Mar-19,619.25,619.75,622.75,612.5,56.09K,-0.56%
4-Mar-19,622.75,615.5,628.25,615.5,52.94K,1.34%
1-Mar-19,614.5,625.5,633.25,609.5,55.85K,-1.68%
28-Feb-19,625,622.25,627.75,616.25,65.38K,0.20%
27-Feb-19,623.75,617.5,625.25,614,38.89K,1.30%
26-Feb-19,615.75,607.75,618,604.25,48.03K,1.44%
25-Feb-19,607,621.25,626,604.5,41.32K,-2.41%
22-Feb-19,622,622,626.25,619.5,44.50K,0.16%
21-Feb-19,621,617.75,623,615.5,48.67K,0.73%
20-Feb-19,616.5,609.5,621,606,82.76K,0.98%
19-Feb-19,610.5,617,618.5,608.25,93.30K,-1.17%
18-Feb-19,617.75,620,622.5,614.5,55.98K,0.37%
15-Feb-19,615.5,605,607.25,603.5,-,3.06%
14-Feb-19,597.25,594,604.75,591,83.75K,0.46%
13-Feb-19,594.5,585.25,597.75,585.25,115.20K,2.06%
12-Feb-19,582.5,582.5,590,582.25,3.21K,0.00%
11-Feb-19,582.5,582.5,587.75,578.75,29.84K,0.00%
8-Feb-19,582.5,578.75,585,572.75,42.30K,1.44%
7-Feb-19,574.25,582.75,584.25,570,30.20K,-1.37%
6-Feb-19,582.25,578.5,584.5,571.25,29.85K,0.43%
5-Feb-19,579.75,583,586.5,576.75,24.17K,-0.13%
4-Feb-19,580.5,583.5,590.75,573.5,32.34K,0.39%
1-Feb-19,578.25,573,584.75,567,33.00K,-1.07%
31-Jan-19,584.5,578,587.75,570.5,50.12K,0.99%
30-Jan-19,578.75,572.75,582.5,571.25,51.27K,1.14%
29-Jan-19,572.25,554.5,575.75,554.5,64.74K,3.02%
28-Jan-19,555.5,568.75,569.5,552.5,37.03K,-2.20%
25-Jan-19,568,568.75,573.25,564,27.71K,0.13%
24-Jan-19,567.25,568.25,570.75,561.5,32.01K,-0.13%
23-Jan-19,568,570.75,578.75,562.75,43.01K,0.49%
22-Jan-19,565.25,575.25,576.25,561,51.27K,-1.57%
21-Jan-19,574.25,572.75,579,571.5,34.41K,0.00%
18-Jan-19,574.25,568.25,577.75,566,54.35K,1.95%
17-Jan-19,563.25,568,569,557,48.80K,-0.88%
16-Jan-19,568.25,561,571.25,558.5,57.89K,2.02%
15-Jan-19,557,557.25,564.75,555.5,79.97K,-1.85%
14-Jan-19,567.5,567.75,570.75,554.75,99.63K,-0.18%
11-Jan-19,568.5,571,579.5,563.25,74.24K,1.34%
10-Jan-19,561,563.75,569,560.25,6.01K,0.00%
9-Jan-19,561,551.5,569.25,549.75,40.92K,2.65%
8-Jan-19,546.5,540,550.5,536.25,39.08K,0.60%
7-Jan-19,543.25,535.5,548.75,535.5,38.63K,2.79%
4-Jan-19,528.5,517.5,542.5,517.25,42.82K,3.17%
3-Jan-19,512.25,506,524,503.75,43.06K,-0.92%
2-Jan-19,517,503.5,524,491.25,46.02K,1.22%
31-Dec-18,510.75,494,513.5,494,20.50K,3.55%
28-Dec-18,493.25,505.5,509.5,489,44.05K,-2.23%
27-Dec-18,504.5,515,515.25,495.75,46.77K,0.05%
26-Dec-18,504.25,494.25,519.75,483.25,29.12K,-1.90%
24-Dec-18,514,511.5,518.5,489.5,19.90K,-0.24%
21-Dec-18,515.25,522.5,525.25,505.5,77.35K,-1.29%
20-Dec-18,522,534,535.5,517.25,64.82K,-3.11%
19-Dec-18,538.75,525,542.75,523.5,73.49K,1.60%
18-Dec-18,530.25,545.25,545.25,521.25,62.70K,-3.63%
17-Dec-18,550.25,555.75,561.25,541.5,50.11K,-1.08%
14-Dec-18,556.25,564,565.5,552,43.83K,-0.22%
13-Dec-18,557.5,557,568.5,549.75,64.61K,-2.06%
12-Dec-18,569.25,573.25,577.5,567.5,4.94K,0.00%
11-Dec-18,569.25,565.25,571.75,559.5,28.10K,-0.52%
10-Dec-18,572.25,578.25,579.5,560.5,34.71K,-2.55%
7-Dec-18,587.25,568.5,598,559.75,30.94K,5.53%
6-Dec-18,556.5,577.75,583.75,554.5,32.67K,-5.16%
5-Dec-18,586.75,580.5,593.25,572,27.47K,-0.09%
4-Dec-18,587.25,581.5,600,577.5,45.85K,1.64%
3-Dec-18,577.75,564,584.5,564,53.17K,4.90%
30-Nov-18,550.75,559.5,566,543.75,38.80K,-1.61%
29-Nov-18,559.75,565.75,566.75,553,47.17K,-1.10%
28-Nov-18,566,582,585,560.25,63.15K,-2.16%
27-Nov-18,578.5,580.75,587.5,570.75,71.44K,-1.24%
26-Nov-18,585.75,574.25,588.25,573.25,56.53K,1.56%
23-Nov-18,576.75,598.5,600.25,573,59.90K,-3.59%
22-Nov-18,598.25,604.25,605.25,595,46.39K,-1.28%
21-Nov-18,606,607,615,600.5,117.45K,-1.14%
20-Nov-18,613,635.75,636,601.75,109.49K,-2.78%
19-Nov-18,630.5,634.5,640.25,626.5,68.73K,-0.43%
16-Nov-18,633.25,635.25,643.25,627.75,84.50K,-0.71%
15-Nov-18,637.75,640.75,645.25,632.5,106.79K,-1.05%
14-Nov-18,644.5,630.5,653,625.25,135.37K,0.86%
13-Nov-18,639,652.25,656.75,625.5,115.45K,-4.56%
12-Nov-18,669.5,687,713.75,670.75,7.81K,0.00%
9-Nov-18,669.5,673.25,684.75,656.25,29.61K,-1.76%
8-Nov-18,681.5,698.25,707.75,670.5,61.09K,-1.62%
7-Nov-18,692.75,681.75,702,679.25,49.72K,2.25%
6-Nov-18,677.5,678.25,688.5,674.5,36.12K,-0.66%
5-Nov-18,682,674,686.25,668,38.80K,0.55%
2-Nov-18,678.25,685,690,671.75,54.72K,-1.09%
1-Nov-18,685.75,699.25,705.25,685,55.18K,-3.31%
31-Oct-18,709.25,702.75,712,699,64.00K,1.07%
30-Oct-18,701.75,705.25,709.25,693.5,45.63K,-1.37%
29-Oct-18,711.5,717.25,719.75,704,74.49K,-0.28%
26-Oct-18,713.5,705.25,719.25,702.25,69.08K,0.96%
25-Oct-18,706.75,693.5,708.75,692,91.86K,0.96%
24-Oct-18,700,694.5,705,689.75,96.81K,-0.36%
23-Oct-18,702.5,720,720,692,84.45K,-1.92%
22-Oct-18,716.25,715.25,719.75,709,64.12K,0.21%
19-Oct-18,714.75,711,720,707.5,65.91K,0.14%
18-Oct-18,713.75,714,715,704.25,107.88K,0.35%
17-Oct-18,711.25,723.5,723.75,706.5,81.81K,-0.59%
16-Oct-18,715.5,716.5,723.25,709,93.01K,-0.03%
15-Oct-18,715.75,718.5,725,708.25,69.58K,-0.31%
12-Oct-18,718,716.75,725.5,706.75,78.68K,-2.78%
11-Oct-18,738.5,728,732.5,726.5,12.47K,0.00%
10-Oct-18,738.5,744.25,748,733.75,63.20K,-0.71%
9-Oct-18,743.75,738,748,736.25,51.44K,1.09%
8-Oct-18,735.75,737.5,738.5,726.5,52.84K,-0.74%
5-Oct-18,741.25,742,742.5,735,50.63K,-0.27%
4-Oct-18,743.25,746.25,749.5,733,53.91K,0.34%
3-Oct-18,740.75,738.75,752.25,733.75,45.07K,0.00%
2-Oct-18,740.75,739.75,741.5,734.5,65.41K,0.92%
1-Oct-18,734,725,742,722.25,53.74K,1.35%
28-Sep-18,724.25,715.5,727.5,714.25,46.55K,1.61%
27-Sep-18,712.75,713,719,710.75,47.94K,0.28%
26-Sep-18,710.75,710.5,715.75,706.5,57.35K,-0.42%
25-Sep-18,713.75,706.25,715.5,705.25,50.91K,1.71%
24-Sep-18,701.75,688,707,685,57.06K,2.00%
21-Sep-18,688,687.5,697,683,75.13K,0.00%
20-Sep-18,688,692,696,685.25,69.31K,0.00%
19-Sep-18,688,687,692.5,681,132.48K,0.44%
18-Sep-18,685,676.5,693.5,674.5,94.33K,0.51%
17-Sep-18,681.5,679.5,686.25,676.75,104.14K,0.22%
14-Sep-18,680,685.25,687,674.25,104.16K,-0.51%
13-Sep-18,683.5,695.5,695.5,682,85.78K,-0.51%
12-Sep-18,687,693,693,687,5.64K,0.00%
11-Sep-18,687,679.25,692.25,678.5,37.01K,0.77%
10-Sep-18,681.75,681.5,687.5,677.75,65.56K,0.93%
7-Sep-18,675.5,679.25,681.25,673,29.79K,-0.44%
6-Sep-18,678.5,684.5,689.5,673.5,30.57K,-1.34%
5-Sep-18,687.75,691.75,694.25,684.75,33.19K,-1.33%
4-Sep-18,697,697.25,709.75,689,52.40K,0.00%
3-Sep-18,697,689.75,700.25,686.75,34.70K,6.53%
31-Aug-18,654.25,671.75,683,625,1.02M,-4.91%
30-Aug-18,688,690.75,693.75,687,32.65K,0.55%
29-Aug-18,684.25,681,691,678,42.07K,0.04%
28-Aug-18,684,683.25,687,678.5,51.51K,0.77%
27-Aug-18,678.75,676.75,682.75,673.75,36.46K,-0.07%
24-Aug-18,679.25,668.25,681,667.5,61.67K,1.87%
23-Aug-18,666.75,666.25,668.25,662.25,58.35K,0.45%
22-Aug-18,663.75,652.75,667.5,652.25,68.89K,1.88%
21-Aug-18,651.5,647.5,656,646.75,70.81K,1.05%
20-Aug-18,644.75,644.75,649.75,642.5,99.82K,-0.31%
17-Aug-18,646.75,641.5,651.25,641.5,48.16K,0.78%
16-Aug-18,641.75,640.5,644.25,637.5,59.64K,0.79%
15-Aug-18,636.75,652.75,652.75,636.25,90.74K,-2.75%
14-Aug-18,654.75,655.5,667.25,649.5,81.65K,-0.04%
13-Aug-18,655,656.75,659.25,643.75,73.14K,1.20%
10-Aug-18,647.25,645,650.5,642,3.51K,0.00%
9-Aug-18,647.25,646.5,652,643.5,28.98K,0.08%
8-Aug-18,646.75,659,664,642.5,46.23K,-1.82%
7-Aug-18,658.75,652.75,664.25,652.75,37.53K,0.50%
6-Aug-18,655.5,649.5,660,649,22.74K,0.85%
3-Aug-18,650,647.75,653,644,37.17K,0.66%
2-Aug-18,645.75,638.25,651.75,636.25,34.34K,1.21%
1-Aug-18,638,649,649.25,636.75,60.39K,-2.48%
31-Jul-18,654.25,663,664,647.25,49.46K,-1.28%
30-Jul-18,662.75,660.5,664.5,658.5,54.29K,-0.45%
27-Jul-18,665.75,664.5,666.75,658.75,43.07K,0.30%
26-Jul-18,663.75,660,666.5,657.75,33.55K,1.07%
25-Jul-18,656.75,654,661.5,651.75,44.58K,0.15%
24-Jul-18,655.75,647,657.25,645.5,37.68K,0.77%
23-Jul-18,650.75,642,655.75,641.75,65.24K,0.93%
20-Jul-18,644.75,639.75,647.5,637.25,57.72K,0.51%
19-Jul-18,641.5,638.75,645.5,632,49.12K,1.66%
18-Jul-18,631,631,641.75,625,76.15K,-0.20%
17-Jul-18,632.25,629.25,637,626.25,53.17K,-0.20%
16-Jul-18,633.5,651.25,654,627.5,77.99K,-3.17%
13-Jul-18,654.25,646.25,656.75,638.75,63.83K,-1.54%
12-Jul-18,664.5,645,651.75,645,6.99K,0.00%
11-Jul-18,664.5,679.25,679.25,639.25,52.08K,-1.95%
10-Jul-18,677.75,673,683,673,46.04K,0.89%
9-Jul-18,671.75,665.5,675.5,665.5,46.89K,1.09%
6-Jul-18,664.5,669,669,660.25,37.53K,-0.97%
5-Jul-18,671,664.5,674.25,663,44.46K,0.68%
4-Jul-18,666.5,663.25,667.5,663,17.69K,1.56%
3-Jul-18,656.25,659.75,670.5,655.25,30.54K,-1.09%
2-Jul-18,663.5,671.75,673.5,659,28.73K,-1.81%
29-Jun-18,675.75,665.5,678.25,663.5,40.25K,1.58%
28-Jun-18,665.25,663.25,670.75,661.75,44.17K,-0.11%
27-Jun-18,666,654,668.5,652,52.29K,3.46%
26-Jun-18,643.75,645.25,655,637.75,83.04K,0.19%
25-Jun-18,642.5,647,649.25,637,65.24K,-0.46%
22-Jun-18,645.5,633.5,650.25,633.5,55.17K,1.73%
21-Jun-18,634.5,643.25,644.5,630.75,68.75K,-1.97%
20-Jun-18,647.25,650,654.5,639.5,114.08K,-0.08%
19-Jun-18,647.75,650.5,653,645.25,43.84K,-0.04%
18-Jun-18,648,637.25,653.5,633,84.84K,1.13%
15-Jun-18,640.75,661.5,661.5,635,73.42K,-3.03%
14-Jun-18,660.75,667.5,669.25,659.75,74.99K,-0.79%
13-Jun-18,666,661,671,658,100.09K,-0.82%
12-Jun-18,671.5,670.75,677.25,670,7.12K,0.00%
11-Jun-18,671.5,670.75,673.75,665,54.59K,0.00%
8-Jun-18,671.5,672,672.75,667.25,43.70K,0.49%
7-Jun-18,668.25,658.25,672.25,655.5,38.78K,2.06%
6-Jun-18,654.75,659.5,667.5,649.75,69.03K,-0.42%
5-Jun-18,657.5,666,667.75,653.5,65.98K,-1.28%
4-Jun-18,666,671.75,675.75,664,55.64K,-0.78%
1-Jun-18,671.25,684,684,670.25,65.28K,-2.08%
31-May-18,685.5,685.25,693.25,677.25,82.24K,0.11%
30-May-18,684.75,673.5,688.75,669.5,65.89K,1.94%
29-May-18,671.75,674.75,677.75,668.75,60.76K,-0.04%
28-May-18,672,676,677.5,666,24.41K,-1.14%
25-May-18,679.75,696.5,696.5,676.75,77.82K,-2.72%
24-May-18,698.75,702.25,702.25,695,79.92K,0.25%
23-May-18,697,697.25,702.75,690,119.29K,-0.78%
22-May-18,702.5,695.5,703.75,694.75,58.56K,1.41%
21-May-18,692.75,693.25,697.25,687.75,78.33K,-0.61%
18-May-18,697,697,701.5,691,66.91K,-1.03%
17-May-18,704.25,693.25,705,692,109.57K,2.89%
16-May-18,684.5,683.75,693.5,679.75,88.86K,-0.47%
15-May-18,687.75,685.5,692.25,681.75,108.64K,0.99%
14-May-18,681,675.5,685.75,672.5,86.70K,0.52%
11-May-18,677.5,676,679.5,672.25,92.56K,0.07%
10-May-18,677,677.5,681,675,16.77K,0.00%
9-May-18,677,667.5,678.5,667.5,56.92K,4.11%
8-May-18,650.25,662.75,668.5,643.25,63.29K,-2.29%
7-May-18,665.5,658.5,668.25,657,25.01K,2.15%
4-May-18,651.5,645.25,658.25,642.25,41.42K,1.48%
3-May-18,642,644.75,649,640.25,69.88K,0.00%
2-May-18,642,646,649.5,639.75,59.35K,-1.04%
1-May-18,648.75,658.25,660,641.75,63.82K,-1.03%
30-Apr-18,655.5,656,665,647,67.33K,0.00%
27-Apr-18,655.5,656.25,658.25,653.25,39.53K,-0.34%
26-Apr-18,657.75,652,659.75,650.75,73.19K,1.50%
25-Apr-18,648,648,650.5,643.75,60.72K,-0.88%
24-Apr-18,653.75,655.5,657.25,645.5,52.68K,0.97%
23-Apr-18,647.5,647,656.25,640.25,40.05K,0.97%
20-Apr-18,641.25,646,648.75,636,85.36K,-1.50%
19-Apr-18,651,642.5,651.75,640.5,88.07K,1.84%
18-Apr-18,639.25,629,644,628.75,100.84K,1.79%
17-Apr-18,628,634.25,635,623,119.22K,-0.83%
16-Apr-18,633.25,645,645,631,94.55K,-1.44%
13-Apr-18,642.5,636.25,644.25,632.5,94.23K,-0.70%
12-Apr-18,647,642.25,646.5,639,9.79K,0.00%
11-Apr-18,647,633,651.5,628.5,40.75K,3.07%
10-Apr-18,627.75,612.25,633.75,612.25,48.33K,2.36%
9-Apr-18,613.25,601.5,615.25,601.5,29.98K,1.74%
6-Apr-18,602.75,606.75,611.5,599.75,42.81K,-0.90%
5-Apr-18,608.25,612,612.5,602.75,44.38K,-0.12%
4-Apr-18,609,613.5,613.5,600.75,48.90K,-0.65%
3-Apr-18,613,607.25,615,606.25,38.19K,0.00%
2-Apr-18,613,621.25,625.25,606.25,15.29K,-1.09%
29-Mar-18,619.75,616.75,622.5,609,53.69K,0.28%
28-Mar-18,618,614.5,619.5,609.75,55.67K,-0.04%
27-Mar-18,618.25,615,624.75,611,66.52K,0.90%
26-Mar-18,612.75,610.25,616.5,610,56.39K,0.29%
23-Mar-18,611,605,613.75,602.25,62.80K,0.74%
22-Mar-18,606.5,613,613.5,602,87.77K,-0.74%
21-Mar-18,611,595.5,614.75,595,114.38K,2.91%
20-Mar-18,593.75,584.75,598.25,584,76.96K,1.54%
19-Mar-18,584.75,583,585.5,577.5,60.42K,0.73%
16-Mar-18,580.5,575,583.5,572.5,51.21K,1.00%
15-Mar-18,574.75,572.25,577,571.75,77.67K,0.44%
14-Mar-18,572.25,571.25,576.25,567.5,90.50K,0.62%
13-Mar-18,568.75,568.25,577,564.5,85.91K,-0.87%
12-Mar-18,573.75,574.25,574.5,570.5,8.39K,0.00%
9-Mar-18,573.75,566.5,575.5,565.25,29.69K,1.24%
8-Mar-18,566.75,570.75,570.75,562.75,30.84K,-0.87%
7-Mar-18,571.75,570.5,577.75,564.5,46.04K,0.04%
6-Mar-18,571.5,573.25,577,567.75,44.84K,-0.09%
5-Mar-18,572,570,574.75,561,38.53K,1.55%
2-Mar-18,563.25,567.5,569.75,556.5,42.91K,0.27%
1-Mar-18,561.75,570.75,574.75,557.75,55.21K,-2.64%
28-Feb-18,577,590.25,591.5,570.75,54.79K,-2.94%
27-Feb-18,594.5,599.75,599.75,589.25,43.85K,-0.75%
26-Feb-18,599,594.25,601.25,591.25,51.84K,1.35%
23-Feb-18,591,584.25,595.25,580.5,47.88K,1.03%
22-Feb-18,585,575.5,586.75,573.5,55.52K,1.61%
21-Feb-18,575.75,575.75,579,570.75,33.62K,0.26%
20-Feb-18,574.25,577.75,581.25,572,47.71K,-0.73%
19-Feb-18,578.5,570,579.5,570,33.09K,1.45%
16-Feb-18,570.25,565,573.25,563.75,89.78K,2.33%
15-Feb-18,557.25,561.75,567.5,552.25,116.03K,1.32%
14-Feb-18,550,547.25,563.75,539.25,141.54K,0.78%
13-Feb-18,545.75,552,555.5,542.25,153.05K,-1.18%
12-Feb-18,552.25,552.5,563.25,552.5,6.38K,0.00%
9-Feb-18,552.25,567.5,569,541.75,30.98K,-2.77%
8-Feb-18,568,573.75,577.25,565.75,35.43K,-1.90%
7-Feb-18,579,594.5,597.75,573.5,69.61K,-2.73%
6-Feb-18,595.25,599.25,599.75,591.75,41.93K,-1.94%
5-Feb-18,607,607.5,607.5,596.5,55.94K,-0.37%
2-Feb-18,609.25,623.25,624.25,607.25,52.12K,-1.22%
1-Feb-18,616.75,614.75,623.25,613.75,33.55K,0.86%
31-Jan-18,611.5,610,615,608.5,43.60K,0.00%
30-Jan-18,611.5,619.25,619.25,610,49.53K,-1.09%
29-Jan-18,618.25,628.5,629.75,617,46.69K,-1.63%
26-Jan-18,628.5,624,630.5,624,50.04K,0.20%
25-Jan-18,627.25,628,630,623,52.66K,1.09%
24-Jan-18,620.5,619.75,627.25,615.5,60.73K,0.45%
23-Jan-18,617.75,614.25,621,611,58.25K,0.57%
22-Jan-18,614.25,612.5,615,606.75,46.40K,1.03%
19-Jan-18,608,611.25,613.5,605.25,68.18K,-0.61%
18-Jan-18,611.75,613.5,613.75,607.25,95.08K,0.00%
17-Jan-18,611.75,614.75,615,607,101.88K,-0.49%
16-Jan-18,614.75,619.25,621,610.5,74.31K,-0.65%
15-Jan-18,618.75,618.75,622.75,614.5,60.79K,0.98%
12-Jan-18,612.75,614.75,617.5,609.5,55.36K,0.12%
11-Jan-18,612,612.75,616.75,612,8.26K,0.00%
10-Jan-18,612,611,615.75,609,48.11K,1.12%
9-Jan-18,605.25,604,612.75,600.75,41.13K,0.71%
8-Jan-18,601,607.5,607.75,600.5,41.23K,-0.50%
5-Jan-18,604,615.25,618.5,601.75,39.88K,-0.66%
4-Jan-18,608,610,620,605.75,37.12K,0.21%
3-Jan-18,606.75,598.5,611.75,596.25,56.48K,1.63%
2-Jan-18,597,603.5,606.75,596.25,34.78K,-0.54%
29-Dec-17,600.25,598.75,606,597.5,32.48K,0.54%
28-Dec-17,597,595,599.5,594.5,42.15K,0.42%
27-Dec-17,594.5,598.75,599,591,43.49K,-0.75%
26-Dec-17,599,582,600.5,579,22.94K,4.08%
22-Dec-17,575.5,576.75,583.25,574.25,31.37K,-0.13%
21-Dec-17,576.25,574.75,577.5,572.25,51.14K,0.13%
20-Dec-17,575.5,571.5,576.25,571.25,47.75K,1.14%
19-Dec-17,569,567.25,572.75,566.5,46.11K,0.00%
18-Dec-17,569,563.25,570.25,561.75,45.99K,0.89%
15-Dec-17,564,561.75,567.25,560.75,49.57K,0.45%
14-Dec-17,561.5,561.5,563.75,553.75,74.99K,-0.22%
13-Dec-17,562.75,570.5,574.75,559.25,84.03K,-1.66%
12-Dec-17,572.25,577.75,582.5,577.75,7.18K,0.00%
11-Dec-17,572.25,563,574.5,562,53.66K,1.33%
8-Dec-17,564.75,553.5,568.5,552.75,37.88K,2.87%
7-Dec-17,549,544.75,554.5,543,33.58K,0.60%
6-Dec-17,545.75,556.25,557.75,542.5,41.40K,-1.71%
5-Dec-17,555.25,551.75,561,550,50.64K,0.14%
4-Dec-17,554.5,564.75,565.5,551.5,40.43K,-2.33%
1-Dec-17,567.75,552.75,570.5,552.5,47.14K,1.93%
30-Nov-17,557,557.5,564.5,549.75,58.36K,-0.76%
29-Nov-17,561.25,565.5,567.5,555,67.70K,-0.80%
28-Nov-17,565.75,567.25,569.25,562.5,48.59K,0.27%
27-Nov-17,564.25,568.5,570,561.5,58.39K,-0.09%
24-Nov-17,564.75,564.75,569.25,562.75,38.16K,0.04%
23-Nov-17,564.5,562.5,567,560.5,24.54K,0.40%
22-Nov-17,562.25,562.25,567.25,559,69.42K,0.67%
21-Nov-17,558.5,558,563.5,555.75,86.46K,0.45%
20-Nov-17,556,563.5,564,552.25,82.55K,-1.20%
17-Nov-17,562.75,554,566.5,551,74.74K,1.26%
16-Nov-17,555.75,555.75,558.5,551.25,63.72K,-0.04%
15-Nov-17,556,550.5,557.25,549.5,92.28K,1.00%
14-Nov-17,550.5,564,564.5,550,101.50K,-2.61%
13-Nov-17,565.25,567,567.75,561.25,72.40K,-0.83%
10-Nov-17,570,568.75,573.5,568.5,8.87K,0.00%
9-Nov-17,570,563,572,561.25,32.77K,1.24%
8-Nov-17,563,564.25,570.5,557.5,40.12K,-0.09%
7-Nov-17,563.5,567.75,571.5,562.75,41.34K,-0.35%
6-Nov-17,565.5,556.25,572,555,42.12K,2.77%
3-Nov-17,550.25,546.75,556.5,543,35.23K,1.06%
2-Nov-17,544.5,548,549.5,540.25,34.63K,-1.09%
1-Nov-17,550.5,553.75,559.25,545.75,41.34K,-0.09%
31-Oct-17,551,550.5,554,547.25,50.66K,0.64%
30-Oct-17,547.5,550.5,554,547,48.62K,-0.23%
27-Oct-17,548.75,542,550.5,537.25,42.58K,2.33%
26-Oct-17,536.25,532.5,542.75,529.5,48.68K,0.52%
25-Oct-17,533.5,535.5,537.5,529,56.48K,1.43%
24-Oct-17,526,527.75,536,521,75.97K,-0.43%
23-Oct-17,528.25,534.5,535.75,526.75,49.57K,-0.89%
20-Oct-17,533,526.25,534.75,521.25,64.97K,0.90%
19-Oct-17,528.25,536.75,537.75,524.25,73.03K,-0.89%
18-Oct-17,533,539.75,542,532.5,72.07K,-0.79%
17-Oct-17,537.25,541.25,544,533.5,63.72K,-0.69%
16-Oct-17,541,535.5,546.5,534.5,86.54K,1.36%
13-Oct-17,533.75,525.25,536.25,524.75,115.57K,1.04%
12-Oct-17,528.25,532,533,526,23.12K,0.00%
11-Oct-17,528.25,529,535,526.75,43.58K,-0.47%
10-Oct-17,530.75,520,531.75,519.25,40.78K,2.66%
9-Oct-17,517,521,522.75,514,44.68K,-0.58%
6-Oct-17,520,534.75,538.5,518.25,49.42K,-3.75%
5-Oct-17,540.25,530.75,540.75,529,46.93K,2.27%
4-Oct-17,528.25,522.5,531.75,517.5,63.30K,0.33%
3-Oct-17,526.5,531.5,533.25,522.75,47.98K,-0.85%
2-Oct-17,531,547,547.25,530,55.44K,-3.15%
29-Sep-17,548.25,550.75,551.25,543.5,52.96K,-0.45%
28-Sep-17,550.75,549.75,556.25,546.5,58.55K,0.36%
27-Sep-17,548.75,551.5,553.25,545,62.90K,0.46%
26-Sep-17,546.25,554,556,539.5,88.61K,-0.95%
25-Sep-17,551.5,541,554.5,537.25,71.15K,1.85%
22-Sep-17,541.5,542,543,537.25,65.47K,0.05%
21-Sep-17,541.25,538.75,542.75,536.25,69.40K,0.79%
20-Sep-17,537,528.75,539.75,525.75,89.79K,1.61%
19-Sep-17,528.5,528.5,533.75,523.25,81.03K,0.67%
18-Sep-17,525,535,536.25,523.5,83.21K,-1.82%
15-Sep-17,534.75,530.25,535.5,524,61.65K,0.71%
14-Sep-17,531,524.75,535.25,523.75,93.02K,0.90%
13-Sep-17,526.25,515.75,527.25,513,133.17K,1.15%
12-Sep-17,520.25,517.75,517.75,510.5,10.87K,0.00%
11-Sep-17,520.25,532.5,532.5,514.25,39.66K,-1.37%
8-Sep-17,527.5,531.75,537.75,524.5,49.98K,0.29%
7-Sep-17,526,521,531.5,519.25,30.15K,0.72%
6-Sep-17,522.25,513.5,522.75,512.5,45.26K,1.02%
5-Sep-17,517,505.25,518.5,501.5,45.18K,2.48%
4-Sep-17,504.5,513.5,513.5,500,20.92K,-1.22%
1-Sep-17,510.75,512,515,504,42.96K,1.19%
31-Aug-17,504.75,487.5,511.75,487.5,55.18K,1.87%
30-Aug-17,495.5,490.25,496,483.75,71.00K,2.27%
29-Aug-17,484.5,485.25,490,478.75,54.39K,0.05%
28-Aug-17,484.25,481,490.5,480,38.94K,0.89%
25-Aug-17,480,484,487.75,477.5,64.93K,-0.52%
24-Aug-17,482.5,482.25,486,477.5,40.32K,0.73%
23-Aug-17,479,470.75,482.75,469,51.55K,1.11%
22-Aug-17,473.75,469,476,467.25,50.95K,0.58%
21-Aug-17,471,482,482,465.25,72.95K,-0.26%
18-Aug-17,472.25,468,483.25,467.75,59.98K,1.61%
17-Aug-17,464.75,466.75,470,458,96.05K,-1.17%
16-Aug-17,470.25,474.25,476.25,464.75,64.69K,-0.27%
15-Aug-17,471.5,475,476.25,467,75.82K,-2.48%
14-Aug-17,483.5,483.75,487.75,473.5,63.97K,0.21%
11-Aug-17,482.5,482.5,484.75,474.75,65.32K,0.00%
10-Aug-17,482.5,487,491,486.75,7.89K,0.00%
9-Aug-17,482.5,478.75,488,477.25,31.96K,-0.21%
8-Aug-17,483.5,482.75,487,476.5,34.33K,1.04%
7-Aug-17,478.5,488.75,488.75,477.25,44.13K,-2.05%
4-Aug-17,488.5,485.75,489.5,480.25,26.35K,-0.91%
3-Aug-17,493,491.5,494,484.75,28.11K,0.61%
2-Aug-17,490,484.75,493,482.5,29.77K,1.29%
1-Aug-17,483.75,495.25,496.25,479.25,42.80K,-1.07%
31-Jul-17,489,487.75,502.25,486.5,79.54K,0.82%
28-Jul-17,485,477,487.5,475.25,37.18K,2.05%
27-Jul-17,475.25,473.25,478,470.75,33.20K,1.06%
26-Jul-17,470.25,467.25,474,464.5,39.71K,1.84%
25-Jul-17,461.75,449.5,469,449.5,46.51K,2.27%
24-Jul-17,451.5,448.5,454.5,445.75,42.19K,-0.28%
21-Jul-17,452.75,458.75,461.25,447.25,49.51K,-2.32%
20-Jul-17,463.5,458.75,466.75,457.25,101.12K,1.64%
19-Jul-17,456,445.5,459.75,445.25,102.88K,2.18%
18-Jul-17,446.25,444,451.75,442.5,74.74K,-0.50%
17-Jul-17,448.5,451,451.25,443.25,72.92K,0.17%
14-Jul-17,447.75,442.25,451,441,85.42K,1.02%
13-Jul-17,443.25,436,444,431.5,89.27K,2.25%
12-Jul-17,433.5,441.25,445,441.25,6.25K,0.00%
11-Jul-17,433.5,431.75,440,425.25,37.67K,0.06%
10-Jul-17,433.25,430,434,424.5,43.62K,1.29%
7-Jul-17,427.75,436.75,436.75,422.75,34.54K,-4.09%
6-Jul-17,446,441.25,447.75,436.75,38.61K,0.85%
5-Jul-17,442.25,451.5,453.75,436.75,59.40K,-2.10%
4-Jul-17,451.75,450.5,453.25,447.75,19.40K,0.61%
3-Jul-17,449,441.75,450.25,439.75,31.56K,2.86%
30-Jun-17,436.5,432.5,442,432.5,40.94K,0.23%
29-Jun-17,435.5,430.25,438.25,430,64.81K,1.87%
28-Jun-17,427.5,420.25,430.75,419.5,74.01K,1.00%
27-Jun-17,423.25,412.25,425.25,411.5,54.32K,3.36%
26-Jun-17,409.5,409.75,415,405.25,38.61K,-0.43%
23-Jun-17,411.25,409.25,411.75,405.25,61.07K,-0.24%
22-Jun-17,412.25,406.25,413.5,404,86.73K,-0.24%
21-Jun-17,413.25,413.75,420.5,402.5,66.01K,0.12%
20-Jun-17,412.75,420.75,423.25,411.25,94.95K,-2.65%
19-Jun-17,424,422.75,427.25,419.25,56.20K,0.24%
16-Jun-17,423,419.25,426.25,419.25,57.39K,0.95%
15-Jun-17,419,418.75,421.5,417.25,64.51K,0.06%
14-Jun-17,418.75,427.25,432,418,94.41K,-1.70%
13-Jun-17,426,424.75,431.75,423.25,94.27K,-0.23%
12-Jun-17,427,427.75,429,425.25,8.06K,0.00%
9-Jun-17,427,421,429.25,419.25,31.93K,1.30%
8-Jun-17,421.5,422,427,417.5,44.07K,0.00%
7-Jun-17,421.5,432.5,435.25,418.5,46.64K,-1.58%
6-Jun-17,428.25,435,436,427.25,61.00K,-0.58%
5-Jun-17,430.75,439.75,445.5,430.5,41.57K,-1.77%
2-Jun-17,438.5,442.25,444.5,433,44.67K,-2.61%
1-Jun-17,450.25,451.25,454.5,441.75,51.86K,1.07%
31-May-17,445.5,460,460,444.25,74.32K,-2.52%
30-May-17,457,464,464.75,455.25,79.45K,-1.98%
29-May-17,466.25,464.75,468,460.75,11.96K,1.08%
26-May-17,461.25,461,465.25,454.25,51.09K,-2.79%
25-May-17,474.5,480.25,485.5,458.75,97.06K,-1.20%
24-May-17,480.25,479.5,484,476.25,63.16K,0.26%
23-May-17,479,479,481.25,472.5,90.60K,0.00%
22-May-17,479,474.25,481,474.25,85.29K,1.11%
19-May-17,473.75,465,474.5,464.75,99.12K,1.88%
18-May-17,465,462,466.25,452.75,83.44K,0.32%
17-May-17,463.5,452,464.5,451.25,102.01K,1.20%
16-May-17,458,456,460.25,452.25,75.73K,-0.22%
15-May-17,459,449.25,464,448.75,103.39K,2.28%
12-May-17,448.75,449,452.75,446.75,75.38K,1.07%
11-May-17,444,446.75,451,446.75,11.93K,0.00%
10-May-17,444,434,448.25,433.25,42.64K,2.42%
9-May-17,433.5,437.25,440.25,430.5,51.37K,0.81%
8-May-17,430,434.75,438,428.75,28.38K,-0.86%
5-May-17,433.75,423.25,436,411.75,42.78K,1.82%
4-May-17,426,440.25,441.75,421.5,70.85K,-3.24%
3-May-17,440.25,446.5,447.75,437.75,46.21K,-1.51%
2-May-17,447,447.25,455.75,440.25,44.65K,-0.22%
1-May-17,448,454.5,455.25,445,16.17K,-1.32%
28-Apr-17,454,458,461,451.25,49.39K,0.61%
27-Apr-17,451.25,464.25,464.5,450.75,68.60K,-3.42%
26-Apr-17,467.25,465.75,468.25,461.5,37.42K,0.75%
25-Apr-17,463.75,466,469.75,462.5,57.10K,-0.43%
24-Apr-17,465.75,467.5,474.25,464.5,57.39K,-0.37%
21-Apr-17,467.5,476,478.25,465.75,51.16K,-1.94%
20-Apr-17,476.75,478,481.75,474.25,74.39K,-2.26%
19-Apr-17,487.75,489.75,493,474.25,66.04K,-0.71%
18-Apr-17,491.25,494.5,495,487.75,84.63K,-1.31%
17-Apr-17,497.75,494.75,498.25,493.25,23.43K,-0.05%
13-Apr-17,498,497.5,500.25,494.75,55.51K,1.12%
12-Apr-17,492.5,498,502,498,9.15K,0.00%
11-Apr-17,492.5,495.5,497,491.25,49.11K,-0.20%
10-Apr-17,493.5,488,495.75,487.75,53.37K,1.18%
7-Apr-17,487.75,485,493.5,483.5,38.27K,0.93%
6-Apr-17,483.25,480.75,485.75,479.5,47.12K,0.47%
5-Apr-17,481,479.75,487.5,478.75,42.30K,0.68%
4-Apr-17,477.75,469.5,480,467.25,45.67K,1.54%
3-Apr-17,470.5,473,476,469.25,36.82K,0.21%
31-Mar-17,469.5,469.25,474.25,465.5,39.92K,-0.11%
30-Mar-17,470,465.75,470.75,462.5,53.21K,1.35%
29-Mar-17,463.75,458,466.25,458,51.72K,0.87%
28-Mar-17,459.75,452.25,462.25,452,68.40K,1.88%
27-Mar-17,451.25,453.5,454,445.25,47.57K,0.50%
24-Mar-17,449,449.5,454.25,448,48.95K,-0.28%
23-Mar-17,450.25,451,453.75,448,68.36K,0.73%
22-Mar-17,447,450.75,453.25,444,87.64K,-1.38%
21-Mar-17,453.25,456,462,451.25,56.19K,-1.15%
20-Mar-17,458.5,456.75,459.5,452,63.38K,0.38%
17-Mar-17,456.75,455,460.5,454.75,62.13K,0.38%
16-Mar-17,455,457.75,463.25,454.5,61.20K,0.00%
15-Mar-17,455,454.5,460,453.5,73.88K,1.56%
14-Mar-17,448,452.25,458,446.75,99.20K,-1.59%
13-Mar-17,455.25,455.5,457.75,451.5,92.94K,-0.92%
10-Mar-17,459.5,465,465,461.5,5.00K,0.00%
9-Mar-17,459.5,476,476,457,43.70K,-4.77%
8-Mar-17,482.5,486.5,487.75,466.5,43.02K,-1.08%
7-Mar-17,487.75,487.25,494.25,485.75,51.11K,0.21%
6-Mar-17,486.75,484.75,489.75,482.25,49.35K,0.57%
3-Mar-17,484,481.25,486.75,480.75,39.50K,0.00%
2-Mar-17,484,493.25,494.25,480.25,91.65K,-2.57%
1-Mar-17,496.75,493.75,501.25,492.5,55.03K,1.53%
28-Feb-17,489.25,497,498,488,81.72K,-1.61%
27-Feb-17,497.25,495,501.5,494.25,32.97K,0.56%
24-Feb-17,494.5,498,500,492.5,50.64K,-1.10%
23-Feb-17,500,495,505.75,495,57.02K,2.15%
22-Feb-17,489.5,498,499.5,487.5,70.27K,-2.44%
21-Feb-17,501.75,495.75,505,495.75,58.65K,0.85%
20-Feb-17,497.5,494.25,500,493.25,28.51K,1.53%
17-Feb-17,490,492.75,494,488,35.97K,-0.20%
16-Feb-17,491,494,498.5,489,65.34K,-0.61%
15-Feb-17,494,493.75,498,491.5,46.66K,-0.65%
14-Feb-17,497.25,490.75,500,490.25,63.22K,1.27%
13-Feb-17,491,503.25,503.5,489.5,83.95K,0.05%
10-Feb-17,490.75,491,495.75,490.25,7.57K,0.00%
9-Feb-17,490.75,491.75,497.25,489.25,39.26K,0.05%
8-Feb-17,490.5,483,493,482.5,40.02K,0.98%
7-Feb-17,485.75,491.5,492,482.75,43.71K,-1.77%
6-Feb-17,494.5,499.25,501.75,489.5,34.44K,-0.50%
3-Feb-17,497,499,500.25,493,41.44K,-0.75%
2-Feb-17,500.75,499.5,507.25,495,33.26K,0.50%
1-Feb-17,498.25,487.75,501,486.75,57.00K,0.91%
31-Jan-17,493.75,485,494.75,483.25,55.81K,1.86%
30-Jan-17,484.75,484.5,489.25,482.25,27.12K,-0.10%
27-Jan-17,485.25,491.75,494.75,480.75,45.15K,-1.77%
26-Jan-17,494,486.25,495,484.25,64.15K,1.28%
25-Jan-17,487.75,488,489.5,482.5,35.73K,-0.15%
24-Jan-17,488.5,485.5,491.25,484.25,48.21K,0.62%
23-Jan-17,485.5,488.5,489.75,480.75,65.51K,-0.82%
20-Jan-17,489.5,479.5,492.5,478.5,63.17K,2.09%
19-Jan-17,479.5,479.5,483.25,477,54.82K,-1.29%
18-Jan-17,485.75,487.25,490.5,473.75,92.56K,-1.02%
17-Jan-17,490.75,490.25,500,486.5,75.31K,0.77%
16-Jan-17,487,486.5,490.5,484.5,56.77K,-0.10%
13-Jan-17,487.5,492.5,495.25,486,77.23K,1.14%
12-Jan-17,482,484,488.75,483.75,5.99K,0.00%
11-Jan-17,482,470,488,470,33.03K,1.96%
10-Jan-17,472.75,478.5,482.5,468.75,39.71K,-2.12%
9-Jan-17,483,495.25,496,476.75,33.17K,-2.08%
6-Jan-17,493.25,494.5,500,488.5,28.59K,1.02%
5-Jan-17,488.25,492,498.25,487.5,50.25K,-0.46%
4-Jan-17,490.5,491.75,494.75,484.25,47.20K,-0.66%
3-Jan-17,493.75,503.75,514.5,487.5,63.97K,-1.45%
30-Dec-16,501,502.5,504.25,499.25,20.40K,-0.35%
29-Dec-16,502.75,500.5,505.5,500.5,31.28K,0.45%
28-Dec-16,500.5,498.25,504.75,497.5,31.15K,-0.10%
27-Dec-16,501,488.75,503,487.25,22.45K,3.46%
23-Dec-16,484.25,486,492,481.5,25.60K,-0.62%
22-Dec-16,487.25,481,490,477.5,40.23K,0.21%
21-Dec-16,486.25,491.5,492.5,479.25,55.54K,-1.07%
20-Dec-16,491.5,487,492.5,484.25,55.64K,0.92%
19-Dec-16,487,487,493.5,484.5,39.37K,-0.66%
16-Dec-16,490.25,480.5,491,476.75,56.41K,3.26%
15-Dec-16,474.75,480,484.75,474,71.67K,-2.76%
14-Dec-16,488.25,488,493.5,478,76.22K,-0.36%
13-Dec-16,490,491.5,496,487,70.48K,3.59%
12-Dec-16,473,477,499,477,9.85K,0.00%
9-Dec-16,473,469.75,476.5,468.25,33.70K,1.34%
8-Dec-16,466.75,465.25,471.5,462.5,36.82K,-0.37%
7-Dec-16,468.5,470.5,470.5,462.5,47.63K,-0.48%
6-Dec-16,470.75,474.25,477,466.5,58.75K,-1.31%
5-Dec-16,477,473.75,482.75,471.5,42.22K,0.42%
2-Dec-16,475,473.5,477.25,464.25,38.30K,0.32%
1-Dec-16,473.5,450.75,477.25,450.75,60.65K,5.63%
30-Nov-16,448.25,424.25,457.5,424,69.22K,5.35%
29-Nov-16,425.5,440,440,421.25,46.43K,-3.35%
28-Nov-16,440.25,426,444.75,419.25,56.66K,1.79%
25-Nov-16,432.5,444.75,445.5,425.75,44.79K,-2.64%
24-Nov-16,444.25,445,446,442,35.38K,-0.34%
23-Nov-16,445.75,449,450.5,443.25,70.74K,0.11%
22-Nov-16,445.25,449.75,455.75,441.75,82.93K,-0.39%
21-Nov-16,447,427.5,449,426,76.63K,5.42%
18-Nov-16,424,420.75,428.75,418,72.78K,0.12%
17-Nov-16,423.5,419.25,431,418.25,70.74K,0.53%
16-Nov-16,421.25,423,425.75,417,65.62K,1.02%
15-Nov-16,417,405.5,425.75,405.5,70.60K,3.80%
14-Nov-16,401.75,408.5,410.75,400.25,67.16K,-1.23%
11-Nov-16,406.75,418.5,420,405.25,75.49K,-2.69%
10-Nov-16,418,420.75,424.5,418.75,6.81K,0.00%
9-Nov-16,418,421,425.25,410,44.59K,-0.42%
8-Nov-16,419.75,422.25,425.25,417,37.66K,0.48%
7-Nov-16,417.75,417.25,423.75,416,32.42K,0.00%
4-Nov-16,417.75,423.5,425.5,414.25,28.45K,-1.12%
3-Nov-16,422.5,427.5,429.75,420.25,24.05K,0.00%
2-Nov-16,422.5,435.25,436.5,421.5,37.96K,-3.26%
1-Nov-16,436.75,443.75,453,434.5,104.28K,-0.80%
31-Oct-16,440.25,455,458.5,438,51.29K,-4.60%
28-Oct-16,461.5,462.5,463.5,453.25,18.97K,-0.75%
27-Oct-16,465,459,466.75,457.5,29.82K,0.70%
26-Oct-16,461.75,458.5,465,455.5,61.34K,-0.16%
25-Oct-16,462.5,468.25,470.75,458,40.78K,-0.38%
24-Oct-16,464.25,467.5,468.75,459,36.71K,-0.05%
21-Oct-16,464.5,461.5,467.5,459.75,37.90K,0.60%
20-Oct-16,461.75,469.25,469.75,458.5,40.14K,-2.43%
19-Oct-16,473.25,467.5,475.5,467.25,54.84K,2.88%
18-Oct-16,460,462.25,468,459,54.01K,0.33%
17-Oct-16,458.5,463.75,466,456.5,53.42K,-0.60%
14-Oct-16,461.25,468.5,471.5,460.75,64.39K,-0.97%
13-Oct-16,465.75,462.75,470,459,74.19K,-0.53%
12-Oct-16,468.25,469.25,470.5,465,9.41K,0.00%
11-Oct-16,468.25,473.75,475.5,464.5,42.27K,-1.63%
10-Oct-16,476,465,480,460.75,38.39K,1.87%
7-Oct-16,467.25,470.5,472.5,459.75,26.47K,-0.27%
6-Oct-16,468.5,463,470.5,459.5,27.67K,0.70%
5-Oct-16,465.25,458,467.25,457.5,42.00K,1.92%
4-Oct-16,456.5,452.75,459.25,447.75,36.93K,1.84%
3-Oct-16,448.25,448,455.25,445.5,36.56K,0.34%
30-Sep-16,446.75,442.75,450,436.75,41.13K,0.45%
29-Sep-16,444.75,437.5,448.5,430.75,45.33K,6.91%
28-Sep-16,416,413.5,437.75,411.75,56.30K,1.46%
27-Sep-16,410,421.75,423.75,409.25,54.96K,-3.70%
26-Sep-16,425.75,416,428.75,410.5,57.69K,0.06%
23-Sep-16,425.5,425.75,433,411,60.84K,-0.47%
22-Sep-16,427.5,420.25,428.5,420,54.92K,2.21%
21-Sep-16,418.25,415,423.5,414.5,71.86K,1.21%
20-Sep-16,413.25,407.75,414,402.5,84.16K,-1.20%
19-Sep-16,418.25,409.25,418.5,407.25,63.46K,1.39%
16-Sep-16,412.5,412.75,414.25,406.75,63.52K,-0.60%
15-Sep-16,415,407,417.75,404.75,90.10K,1.47%
14-Sep-16,409,416.75,419.75,404.5,90.10K,-1.68%
13-Sep-16,416,423.25,424.75,415,117.27K,-0.78%
12-Sep-16,419.25,408.5,409.75,404.25,5.54K,0.00%
9-Sep-16,419.25,428,428,409.5,31.18K,-1.99%
8-Sep-16,427.75,417,431,415.75,31.53K,4.14%
7-Sep-16,410.75,409.25,417.75,406,48.58K,0.67%
6-Sep-16,408,413.5,417.5,403.5,33.86K,-1.51%
5-Sep-16,414.25,407.25,429.5,405,28.60K,1.16%
2-Sep-16,409.5,402,410.25,398.25,31.97K,1.87%
1-Sep-16,402,411.5,414,398.25,44.06K,-3.02%
31-Aug-16,414.5,426.25,427.25,409.25,34.44K,-3.15%
30-Aug-16,428,431.75,437.75,426,42.53K,-0.64%
29-Aug-16,430.75,433.5,435.25,428.25,21.24K,-1.60%
26-Aug-16,437.75,440,445.25,432,42.72K,0.11%
25-Aug-16,437.25,435.5,440,429.25,53.49K,1.22%
24-Aug-16,432,437.25,439.75,431,48.71K,-1.87%
23-Aug-16,440.25,433.5,442.25,427.75,60.58K,1.03%
22-Aug-16,435.75,443.5,444.5,433.75,52.91K,-1.30%
19-Aug-16,441.5,447.5,448.75,440.5,47.34K,-0.17%
18-Aug-16,442.25,435.5,447.75,433.75,63.89K,2.85%
17-Aug-16,430,426.25,436.75,423.5,90.92K,0.29%
16-Aug-16,428.75,424.25,429.75,421.5,67.71K,1.48%
15-Aug-16,422.5,414.25,426.25,412.75,62.32K,3.17%
12-Aug-16,409.5,406,414.25,400.75,56.09K,7.69%
11-Aug-16,380.25,377.5,383,377,7.22K,0.00%
10-Aug-16,380.25,384,392.75,378.25,34.55K,-1.68%
9-Aug-16,386.75,385.5,392.25,382.25,21.93K,0.72%
8-Aug-16,384,378.75,389.75,378.25,31.73K,3.09%
5-Aug-16,372.5,376.25,380,371.5,26.59K,1.57%
4-Aug-16,366.75,370.25,378.25,362,38.08K,0.89%
3-Aug-16,363.5,357.75,370,355.5,37.43K,1.75%
2-Aug-16,357.25,357.75,368.5,353.5,37.71K,0.00%
1-Aug-16,357.25,370.25,374.75,353.5,40.46K,-3.77%
29-Jul-16,371.25,370.75,374.25,364.75,32.26K,-0.67%
28-Jul-16,373.75,378,380.25,370,37.64K,-2.22%
27-Jul-16,382.25,384.5,388,376.75,42.43K,-1.04%
26-Jul-16,386.25,387.25,390.25,383.5,46.05K,-0.52%
25-Jul-16,388.25,398,399.75,386.25,52.70K,-1.77%
22-Jul-16,395.25,403.25,404.25,393.25,49.41K,-3.13%
21-Jul-16,408,415.25,416.5,401.25,42.71K,-1.21%
20-Jul-16,413,407.5,417,403,62.35K,0.92%
19-Jul-16,409.25,403,414.5,402.5,68.00K,1.87%
18-Jul-16,401.75,413.75,414.5,400.25,68.57K,-2.72%
15-Jul-16,413,409.25,419.5,406,76.50K,0.24%
14-Jul-16,412,407.5,415,405.75,75.90K,2.04%
13-Jul-16,403.75,425.25,425.5,403.25,110.11K,-1.04%
12-Jul-16,408,412.25,421,410.5,6.62K,0.00%
11-Jul-16,408,406.25,413.25,402.5,29.62K,0.18%
8-Jul-16,407.25,411.25,414,403.25,31.50K,-2.57%
7-Jul-16,418,430.5,435.75,405.25,43.58K,0.18%
6-Jul-16,417.25,421.75,432.5,415.25,29.35K,-0.24%
5-Jul-16,418.25,434.25,434.25,416.75,38.51K,-3.96%
4-Jul-16,435.5,442.5,444.75,433.75,35.80K,0.23%
1-Jul-16,434.5,437.25,444.25,431,65.55K,-1.81%
30-Jun-16,442.5,448.75,449.75,434.5,54.64K,-1.67%
29-Jun-16,450,437,453.5,436.5,61.29K,5.02%
28-Jun-16,428.5,425.75,437.5,425,40.71K,1.84%
27-Jun-16,420.75,433.75,437,418.75,45.68K,-3.28%
24-Jun-16,435,449.25,449.75,425,53.49K,-3.17%
23-Jun-16,449.25,446.75,453,443.75,41.58K,0.50%
22-Jun-16,447,452.5,455.5,439.5,49.65K,0.22%
21-Jun-16,446,451.75,453,440.5,48.73K,-1.00%
20-Jun-16,450.5,442.25,453.25,441,46.24K,4.04%
17-Jun-16,433,422.5,441.75,422.5,48.77K,2.24%
16-Jun-16,423.5,434.5,436.5,419.25,59.60K,-3.97%
15-Jun-16,441,439.75,444.75,433.5,81.12K,-0.56%
14-Jun-16,443.5,446,447.25,440,61.09K,-1.93%
13-Jun-16,452.25,450.75,453.25,443.25,53.59K,-1.58%
10-Jun-16,459.5,459.25,459.25,453.5,8.57K,0.00%
9-Jun-16,459.5,470,470.5,457.5,34.91K,-1.08%
8-Jun-16,464.5,456.75,469.5,456.5,33.72K,1.81%
7-Jun-16,456.25,445.5,458,444.25,37.85K,2.53%
6-Jun-16,445,442.25,448.25,441.75,36.41K,0.45%
3-Jun-16,443,447.5,450.5,439.75,31.15K,-1.50%
2-Jun-16,449.75,446.25,455,441.25,56.37K,1.35%
1-Jun-16,443.75,444,448,436,32.98K,-2.15%
31-May-16,453.5,452.5,454.75,443.75,37.49K,0.28%
30-May-16,452.25,447.5,453.5,441.25,13.65K,0.84%
27-May-16,448.5,446.25,449.5,439.5,28.25K,0.06%
26-May-16,448.25,451.25,454,443.25,39.84K,0.17%
25-May-16,447.5,449.25,454,445.25,52.73K,0.06%
24-May-16,447.25,439.25,450.75,434.25,56.28K,1.94%
23-May-16,438.75,443,443,433.75,42.09K,-0.45%
20-May-16,440.75,437.5,443.25,434.5,67.47K,2.62%
19-May-16,429.5,440.75,440.75,427,69.64K,-3.21%
18-May-16,443.75,440.5,447,433.25,95.62K,1.54%
17-May-16,437,433,441.25,429.75,90.25K,1.57%
16-May-16,430.25,419.5,436.5,419.25,90.65K,2.75%
13-May-16,418.75,416.5,421,411.25,83.36K,1.39%
12-May-16,413,414.5,418.75,412.75,8.14K,0.00%
11-May-16,413,399,417.25,392.5,40.63K,5.02%
10-May-16,393.25,379.25,399.25,379.25,35.84K,3.28%
9-May-16,380.75,402.25,403,379.5,40.55K,-4.81%
6-May-16,400,393.75,402.25,386.75,27.51K,0.31%
5-May-16,398.75,399,409.75,391,33.49K,1.14%
4-May-16,394.25,398,405,390.25,28.40K,0.06%
3-May-16,394,403.75,407.75,392.75,28.00K,-3.96%
2-May-16,410.25,411,414.5,401.75,11.50K,-0.67%
29-Apr-16,413,416.75,421.5,408.5,46.91K,-0.54%
28-Apr-16,415.25,410.25,419.25,408.5,31.98K,3.17%
27-Apr-16,402.5,402.25,412.75,399.25,45.44K,1.39%
26-Apr-16,397,388.75,403.25,385.25,34.48K,1.02%
25-Apr-16,393,393,396.5,385,37.28K,-0.69%
22-Apr-16,395.75,391.75,400,389,37.75K,0.64%
21-Apr-16,393.25,397,400.75,387.75,62.70K,1.68%
20-Apr-16,386.75,374.25,398.25,368.25,58.07K,2.18%
19-Apr-16,378.5,371.75,382.75,367.25,69.08K,2.23%
18-Apr-16,370.25,362.5,375,346.25,94.97K,1.58%
15-Apr-16,364.5,373.5,375.25,357.5,75.19K,-3.25%
14-Apr-16,376.75,374.25,380.5,369.5,48.25K,-0.07%
13-Apr-16,377,378,383,372.75,83.61K,4.72%
12-Apr-16,360,357.25,365.75,357.25,10.41K,0.00%
11-Apr-16,360,356,362,348.5,37.82K,1.48%
8-Apr-16,354.75,333,355.25,332.25,39.11K,9.66%
7-Apr-16,323.5,335.5,340.75,322.75,38.48K,-1.67%
6-Apr-16,329,317.5,335.25,316.5,33.82K,4.61%
5-Apr-16,314.5,319,319.75,312,43.50K,-4.33%
4-Apr-16,328.75,334.75,337.5,318.25,42.34K,-2.08%
1-Apr-16,335.75,351,353.25,334.25,28.93K,-5.42%
31-Mar-16,355,345.25,356,344,37.29K,1.07%
30-Mar-16,351.25,349,359.25,346.25,40.16K,2.86%
29-Mar-16,341.5,353.25,353.75,340.5,51.40K,-2.98%
28-Mar-16,352,360,363,350,14.13K,-2.43%
24-Mar-16,360.75,359,362.75,351.75,41.81K,-0.62%
23-Mar-16,363,372.5,372.75,359.5,52.38K,-2.94%
22-Mar-16,374,370.25,376.5,366.25,46.30K,1.01%
21-Mar-16,370.25,373.5,376.25,365,59.87K,-1.27%
18-Mar-16,375,374,381,370.25,50.83K,-0.07%
17-Mar-16,375.25,368.75,376,366.5,57.45K,2.74%
16-Mar-16,365.25,354,368,351,65.42K,4.36%
15-Mar-16,350,359.25,359.75,346.75,68.72K,-1.62%
14-Mar-16,355.75,365.5,365.75,350.75,79.70K,-3.07%
11-Mar-16,367,366.75,372.25,363.5,62.82K,1.17%
10-Mar-16,362.75,363.5,365,359,5.55K,0.00%
9-Mar-16,362.75,356.25,367,356.25,41.84K,0.83%
8-Mar-16,359.75,362.75,369.75,355,48.23K,1.34%
7-Mar-16,355,343.75,364.5,341.5,46.92K,5.42%
4-Mar-16,336.75,330.75,343.5,327.5,32.86K,1.89%
3-Mar-16,330.5,328,333.5,325.25,38.24K,-0.30%
2-Mar-16,331.5,322.5,333.25,320.75,50.29K,2.63%
1-Mar-16,323,320,328.5,319,37.38K,-0.46%
29-Feb-16,324.5,314.5,326,311.75,43.94K,-0.23%
26-Feb-16,325.25,315.25,330.5,312.25,44.62K,5.86%
25-Feb-16,307.25,313,320.25,303,49.39K,1.65%
24-Feb-16,302.25,301.75,315,297.25,53.59K,0.08%
23-Feb-16,302,313,319.25,301,56.38K,-4.81%
22-Feb-16,317.25,306.75,320,306.5,62.17K,3.09%
19-Feb-16,307.75,317,321,302.75,59.72K,-4.20%
18-Feb-16,321.25,322.25,330.75,317,66.07K,0.16%
17-Feb-16,320.75,306.25,325.5,299.25,90.74K,4.91%
16-Feb-16,305.75,319.5,327.75,302,84.35K,-2.16%
15-Feb-16,312.5,312.25,316.25,308.25,41.02K,0.24%
12-Feb-16,311.75,296.75,314,294.75,74.21K,12.85%
11-Feb-16,276.25,276,277.75,272.25,11.91K,0.00%
10-Feb-16,276.25,279.5,284.75,274.5,46.20K,-3.75%
9-Feb-16,287,298.75,301,275,27.60K,-5.75%
8-Feb-16,304.5,302.75,309,296.25,21.90K,-0.33%
5-Feb-16,305.5,309.5,311.75,300.25,31.75K,-2.08%
4-Feb-16,312,314.5,321.25,305.25,41.77K,2.55%
3-Feb-16,304.25,286.5,315.5,286.5,46.88K,4.55%
2-Feb-16,291,296.75,297.25,281.5,40.29K,-2.59%
1-Feb-16,298.75,309.75,313,294.5,38.66K,-1.73%
29-Jan-16,304,307.25,312.25,300.25,53.47K,-1.22%
28-Jan-16,307.75,296.5,323,294.75,52.46K,5.39%
27-Jan-16,292,281.25,300.5,277,44.62K,3.27%
26-Jan-16,282.75,270.25,289.5,262.5,62.05K,1.98%
25-Jan-16,277.25,291.5,296.75,269.75,71.16K,-2.38%
22-Jan-16,284,265.75,292.75,263,73.84K,9.65%
21-Jan-16,259,254,269.75,245.25,76.42K,4.75%
20-Jan-16,247.25,265.5,265.5,246.5,75.01K,-8.60%
19-Jan-16,270.5,269.5,280,265,84.79K,-0.46%
18-Jan-16,271.75,274.75,279.25,266,45.46K,-2.51%
15-Jan-16,278.75,288.25,288.5,274,71.59K,-1.59%
14-Jan-16,283.25,284.75,291.25,280.25,75.07K,-1.48%
13-Jan-16,287.5,293.5,298.75,283.75,79.72K,-0.61%
12-Jan-16,289.25,286.5,293.5,282.25,4.88K,0.00%
11-Jan-16,289.25,297.75,300.25,286.5,41.41K,-2.53%
8-Jan-16,296.75,310,313.75,296,33.67K,-6.09%
7-Jan-16,316,315,316.75,299,41.53K,0.40%
6-Jan-16,314.75,329.75,329.75,310.25,42.13K,-4.40%
5-Jan-16,329.25,330.5,335,325.25,45.65K,0.38%
4-Jan-16,328,333.75,346,325.75,39.39K,0.54%
31-Dec-15,326.25,330.25,339.25,323.5,18.85K,-1.51%
30-Dec-15,331.25,336.75,338.25,328.5,24.22K,-2.93%
29-Dec-15,341.25,332.25,345,331.5,34.47K,1.56%
28-Dec-15,336,339.75,339.75,330,14.53K,-1.10%
24-Dec-15,339.75,342.25,343.75,333.5,18.97K,0.97%
23-Dec-15,336.5,331.5,343.75,330.5,47.90K,0.67%
22-Dec-15,334.25,331.5,336.25,328.75,42.78K,1.60%
21-Dec-15,329,334.75,336.5,327.75,53.15K,-4.22%
18-Dec-15,343.5,332.75,346,330,60.46K,2.23%
17-Dec-15,336,337.25,344,331.5,67.76K,-0.44%
16-Dec-15,337.5,342.5,348,333.25,74.32K,-2.39%
15-Dec-15,345.75,334.5,356.5,331.5,81.80K,4.38%
14-Dec-15,331.25,342.25,345.25,323.5,83.79K,-3.50%
11-Dec-15,343.25,362.5,364,339.25,94.84K,-5.51%
10-Dec-15,363.25,363,363,354.5,8.59K,0.00%
9-Dec-15,363.25,369,372.75,356.25,36.86K,-1.36%
8-Dec-15,368.25,374,375.25,361.5,33.91K,-1.41%
7-Dec-15,373.5,394,396.25,371.25,40.90K,-5.62%
4-Dec-15,395.75,401.75,407.5,390.5,34.36K,0.13%
3-Dec-15,395.25,389,408.75,387.25,72.62K,0.57%
2-Dec-15,393,401.75,405,383.75,69.91K,-2.42%
1-Dec-15,402.75,407,411.5,399.5,58.10K,-3.99%
30-Nov-15,419.5,415.75,425.25,405.5,57.48K,0.30%
27-Nov-15,418.25,425,425,415,35.56K,-0.77%
26-Nov-15,421.5,431,432.5,419.5,43.93K,-1.69%
25-Nov-15,428.75,432.25,435,424.25,41.67K,-1.15%
24-Nov-15,433.75,428.75,436.25,426,68.58K,0.29%
23-Nov-15,432.5,422.75,434.25,417.25,74.59K,1.82%
20-Nov-15,424.75,426.5,432.25,422,62.52K,-0.53%
19-Nov-15,427,426.75,431.25,422.5,71.99K,1.07%
18-Nov-15,422.5,423.5,430.75,419,73.38K,-0.18%
17-Nov-15,423.25,426.25,431,418.5,65.92K,1.99%
16-Nov-15,415,424.75,429,413.75,79.35K,-2.64%
13-Nov-15,426.25,430,437.5,422,79.97K,-2.90%
12-Nov-15,439,442.25,445.25,439.25,5.73K,0.00%
11-Nov-15,439,447,452.5,438.25,38.02K,-2.39%
10-Nov-15,449.75,447.5,453,443.25,32.18K,0.39%
9-Nov-15,448,452,459.25,446.25,36.68K,-0.28%
6-Nov-15,449.25,449,456.75,447.25,30.23K,-0.44%
5-Nov-15,451.25,457,457.5,447.75,30.96K,-1.15%
4-Nov-15,456.5,469.75,475.75,453.25,53.24K,-1.93%
3-Nov-15,465.5,455.75,475,453.5,35.81K,2.65%
2-Nov-15,453.5,455,460,450.5,31.81K,-0.38%
30-Oct-15,455.25,450,460.25,447,31.17K,0.44%
29-Oct-15,453.25,450.75,454.75,444.75,49.46K,0.33%
28-Oct-15,451.75,432.75,452.5,431,39.59K,4.81%
27-Oct-15,431,434,436.5,427.75,45.64K,-2.10%
26-Oct-15,440.25,443.75,445.25,433.25,26.76K,-0.79%
23-Oct-15,443.75,449.25,452.5,440.75,43.90K,-0.17%
22-Oct-15,444.5,443.25,450.75,442.75,43.61K,0.17%
21-Oct-15,443.75,442,445.75,437,48.81K,0.23%
20-Oct-15,442.75,448,448.5,439.5,69.55K,-0.95%
19-Oct-15,447,458.75,461.5,445,49.09K,-2.03%
16-Oct-15,456.25,458.75,462.5,453,41.97K,1.50%
15-Oct-15,449.5,453.25,460,447.5,85.28K,-0.94%
14-Oct-15,453.75,453.75,458,450.5,68.82K,-0.49%
13-Oct-15,456,465.75,467.75,450,134.91K,-5.35%
12-Oct-15,481.75,482.25,486.25,482.25,10.29K,0.00%
9-Oct-15,481.75,487.75,494.75,478.75,45.94K,0.21%
8-Oct-15,480.75,481,487.75,474.25,40.93K,-0.72%
7-Oct-15,484.25,489.25,494.75,478.25,51.50K,-0.41%
6-Oct-15,486.25,470,490.25,466,52.22K,2.58%
5-Oct-15,474,461.5,474.75,459.25,39.29K,4.81%
2-Oct-15,452.25,462,467,451.25,50.30K,-2.90%
1-Oct-15,465.75,467.75,477.75,460,55.53K,0.38%
30-Sep-15,464,461.75,469.25,460.75,38.73K,-0.22%
29-Sep-15,465,456,467.75,455.25,37.73K,1.86%
28-Sep-15,456.5,466.25,466.25,455,44.15K,-2.25%
25-Sep-15,467,467.5,474.5,463,58.38K,0.38%
24-Sep-15,465.25,463.25,468.75,460,48.80K,-1.69%
23-Sep-15,473.25,468.25,482.5,461.75,51.80K,2.94%
22-Sep-15,459.75,463.5,471.5,456.5,59.05K,-0.97%
21-Sep-15,464.25,463.25,468.5,458.75,43.44K,0.22%
18-Sep-15,463.25,468.5,476.5,456.25,63.76K,-0.96%
17-Sep-15,467.75,477,478.25,464.5,62.14K,-1.94%
16-Sep-15,477,459.5,480,459,83.67K,4.38%
15-Sep-15,457,464.25,464.75,456.5,78.89K,-1.56%
14-Sep-15,464.25,472.25,475.5,460.25,62.33K,-1.80%
11-Sep-15,472.75,479,482.25,466.5,80.13K,0.05%
10-Sep-15,472.5,465,471.5,461.75,9.85K,0.00%
9-Sep-15,472.5,479.25,484.75,465,60.58K,-1.77%
8-Sep-15,481,472.5,484.25,469.25,45.49K,2.29%
7-Sep-15,470.25,479.75,480.5,468,26.34K,-3.04%
4-Sep-15,485,490.75,492.25,480,31.90K,-2.07%
3-Sep-15,495.25,486.25,502,481,47.31K,5.04%
2-Sep-15,471.5,469.5,490,466,50.01K,-2.13%
1-Sep-15,481.75,502.25,505.75,468.5,54.50K,-0.82%
31-Aug-15,485.75,477.5,513.75,466.75,49.61K,1.73%
28-Aug-15,477.5,459.75,488,451.5,44.95K,7.12%
27-Aug-15,445.75,427.75,460,427.5,56.33K,4.94%
26-Aug-15,424.75,426.5,428.75,420.5,46.15K,-1.28%
25-Aug-15,430.25,428.5,437.75,423.75,54.93K,0.41%
24-Aug-15,428.5,446.5,446.5,420.75,59.05K,-3.22%
21-Aug-15,442.75,453.5,454.75,441.5,48.72K,-3.91%
20-Aug-15,460.75,463,463,452,70.66K,-0.49%
19-Aug-15,463,470.5,476.25,457.75,73.86K,-1.70%
18-Aug-15,471,472,475.5,467,42.48K,-0.95%
17-Aug-15,475.5,472.5,478.5,467.75,51.17K,0.21%
14-Aug-15,474.5,475.75,479,471,56.69K,-0.26%
13-Aug-15,475.75,484,488.5,474.5,66.86K,1.33%
12-Aug-15,469.5,472.75,482.5,472,4.87K,0.00%
11-Aug-15,469.5,483.5,489.25,469,40.68K,-2.09%
10-Aug-15,479.5,465.75,486.5,465.75,43.71K,2.57%
7-Aug-15,467.5,470.25,473.75,466.75,28.82K,0.65%
6-Aug-15,464.5,468.25,472.25,464,50.40K,-1.85%
5-Aug-15,473.25,474,479,463.75,36.44K,0.00%
4-Aug-15,473.25,471,478.75,469.75,44.28K,-0.21%
3-Aug-15,474.25,481.75,484.25,468,44.91K,-2.97%
31-Jul-15,488.75,491.5,493.5,482.5,36.93K,-1.01%
30-Jul-15,493.75,489.25,498.25,488.75,40.88K,-0.40%
29-Jul-15,495.75,487.5,497,483.25,42.55K,0.05%
28-Jul-15,495.5,484.5,497.25,480,54.26K,1.07%
27-Jul-15,490.25,499,500.5,484.5,43.31K,-2.05%
24-Jul-15,500.5,506.5,507.5,497.25,33.07K,-2.01%
23-Jul-15,510.75,510,513.5,503.5,48.24K,-0.73%
22-Jul-15,514.5,512.25,515.25,508.5,42.47K,0.64%
21-Jul-15,511.25,507.25,516.5,506.25,41.80K,0.00%
20-Jul-15,511.25,510.25,515,506.75,39.76K,-0.10%
17-Jul-15,511.75,516,519.25,510,51.36K,-1.54%
16-Jul-15,519.75,519,522.5,515,61.37K,-0.72%
15-Jul-15,523.5,533.5,536.75,516.5,75.55K,-1.09%
14-Jul-15,529.25,532.5,536.75,522.75,84.12K,-1.40%
13-Jul-15,536.75,537.75,541.25,525,69.01K,0.00%
10-Jul-15,536.75,542.25,543.75,537,6.42K,0.00%
9-Jul-15,536.75,528.75,541.75,528.5,44.92K,2.38%
8-Jul-15,524.25,528.5,533,518.5,61.09K,1.21%
7-Jul-15,518,530,533.25,513.25,50.86K,-3.40%
6-Jul-15,536.25,553.25,565,523.5,47.62K,-3.38%
3-Jul-15,555,564.25,567,553.25,22.18K,-3.35%
2-Jul-15,574.25,569,576.75,563.5,38.40K,0.35%
1-Jul-15,572.25,575.5,578.25,564.25,33.58K,-0.26%
30-Jun-15,573.75,565.5,583,564,40.87K,1.64%
29-Jun-15,564.5,571.5,575,559.25,51.66K,-1.66%
26-Jun-15,574,574,577.75,568.25,29.29K,0.66%
25-Jun-15,570.25,576.75,580.75,569.25,44.15K,-1.85%
24-Jun-15,581,588.5,591.5,572.5,52.41K,-0.39%
23-Jun-15,583.25,573.75,589.25,572,70.75K,2.28%
22-Jun-15,570.25,571.25,578.75,566.25,50.19K,-0.13%
19-Jun-15,571,586.75,587.75,568.75,55.39K,-2.89%
18-Jun-15,588,585,592.25,582,53.31K,0.43%
17-Jun-15,585.5,579.25,595.75,574.25,73.73K,1.34%
16-Jun-15,577.75,575,580.75,573.5,53.52K,0.30%
15-Jun-15,576,584.75,584.75,571.75,61.44K,-1.58%
12-Jun-15,585.25,589.25,590.25,580.75,58.89K,-1.64%
11-Jun-15,595,596.5,600,589.75,6.74K,0.00%
10-Jun-15,595,592.75,601.75,590.5,50.14K,1.28%
9-Jun-15,587.5,572,592.75,571.25,41.78K,2.75%
8-Jun-15,571.75,572.25,575.75,569,39.54K,0.88%
